# Documentation Reorganization Changelog

## Changes Made

### Directory Structure

**Created new directories**:
- `docs/guides/` - User guides
- `docs/technical/` - Technical documentation  
- `docs/contributing/` - Contributor documentation

### File Moves and Renames

| Old Location | New Location | Notes |
|-------------|--------------|-------|
| `monte_carlo_guide.md` | `guides/monte_carlo.md` | Moved to guides, consistent naming |
| `analytics.md` | `guides/analytics.md` | Moved to guides |
| `MONTE_CARLO_DESIGN.md` | `technical/monte_carlo_design.md` | Moved to technical, lowercased |
| `PARALLELIZATION_ANALYSIS.md` | `technical/parallelization_analysis.md` | Moved to technical, lowercased |
| `MC_IMPLEMENTATION_SUMMARY.md` | `technical/implementation_summary.md` | Moved to technical, renamed |
| `DEVGUIDE.md` | `contributing/development_guide.md` | Moved to contributing, renamed |

**Unchanged files**:
- `getting_started.md` - Kept at root (first thing users see)
- `quick_reference.md` - Kept at root (quick access)
- `README.md` - Kept at root (documentation index)
- `index.rst` - Kept at root (Sphinx entry point)
- `conf.py` - Kept at root (Sphinx config)
- `api/` - Kept as is (API reference)

### New Files Created

- `docs/STRUCTURE.md` - Explains the documentation organization
- `docs/CHANGELOG.md` - This file

### Updated References

**Files updated to reflect new paths**:
- `docs/index.rst` - Updated table of contents with new structure
- `docs/README.md` - Updated all links to new paths
- `docs/getting_started.md` - Updated links to guides
- `DOCUMENTATION.md` (root) - Updated all documentation references

## New Structure

```
docs/
├── README.md                          # Documentation index ✨
â”œâ”€â”€ STRUCTURE.md                       # How docs are organized â­ NEW
â”œâ”€â”€ CHANGELOG.md                       # This file â­ NEW
├── getting_started.md                 # Quick start
├── quick_reference.md                 # Cheat sheet
├── index.rst                          # Sphinx entry
├── conf.py                            # Sphinx config
│
â”œâ”€â”€ guides/                            # User guides â­ NEW DIR
│   ├── monte_carlo.md                 # Monte Carlo guide (moved)
│   └── analytics.md                   # Analytics guide (moved)
│
├── api/                               # API reference
│   └── index.rst                      # Auto-generated
│
â”œâ”€â”€ technical/                         # Technical docs â­ NEW DIR
│   ├── monte_carlo_design.md          # Design doc (moved & renamed)
│   ├── parallelization_analysis.md    # Analysis (moved & renamed)
│   └── implementation_summary.md      # Summary (moved & renamed)
│
â””â”€â”€ contributing/                      # Developer docs â­ NEW DIR
    └── development_guide.md           # Dev guide (moved & renamed)
```

## Benefits

### Before (Flat Structure)

```
docs/
├── getting_started.md
├── quick_reference.md
├── monte_carlo_guide.md
├── analytics.md
├── MONTE_CARLO_DESIGN.md
├── PARALLELIZATION_ANALYSIS.md
├── MC_IMPLEMENTATION_SUMMARY.md
├── DEVGUIDE.md
└── ...
```

**Issues**:
- âŒ All files mixed together
- âŒ Inconsistent naming (UPPERCASE vs lowercase)
- âŒ Hard to distinguish user vs technical docs
- âŒ No clear organization

### After (Organized Structure)

```
docs/
├── getting_started.md       # Quick start
├── quick_reference.md       # Quick ref
├── guides/                  # User docs
├── technical/               # Technical docs
└── contributing/            # Dev docs
```

**Improvements**:
- ✅ Clear separation by audience
- ✅ Consistent naming (lowercase, underscores)
- ✅ Easy to find relevant docs
- ✅ Scalable structure
- ✅ Professional organization

## Impact on Users

### For New Users
**Path**: `getting_started.md` → `guides/monte_carlo.md`
- No change needed, links updated automatically

### For Regular Users
**Before**: `monte_carlo_guide.md`
**After**: `guides/monte_carlo.md`
- More intuitive location
- Easier to find related guides

### For Developers
**Before**: `MONTE_CARLO_DESIGN.md`, `PARALLELIZATION_ANALYSIS.md`
**After**: `technical/monte_carlo_design.md`, `technical/parallelization_analysis.md`
- All technical docs in one place
- Easier to navigate architecture docs

### For Contributors
**Before**: `DEVGUIDE.md`
**After**: `contributing/development_guide.md`
- Clear location for contributor docs
- Consistent with GitHub conventions

## Migration Guide

If you have bookmarks or links to old paths:

| Old Path | New Path |
|----------|----------|
| `docs/monte_carlo_guide.md` | `docs/guides/monte_carlo.md` |
| `docs/analytics.md` | `docs/guides/analytics.md` |
| `docs/MONTE_CARLO_DESIGN.md` | `docs/technical/monte_carlo_design.md` |
| `docs/PARALLELIZATION_ANALYSIS.md` | `docs/technical/parallelization_analysis.md` |
| `docs/MC_IMPLEMENTATION_SUMMARY.md` | `docs/technical/implementation_summary.md` |
| `docs/DEVGUIDE.md` | `docs/contributing/development_guide.md` |

**Note**: All internal links have been updated. External links may need updating.

## Rationale

### Why Directories?

1. **Scalability**: Easy to add new guides without cluttering root
2. **Navigation**: Clear what type of doc you're looking at
3. **Maintenance**: Related docs grouped together
4. **Standards**: Follows common documentation practices

### Why Lowercase + Underscores?

1. **Consistency**: Matches Python module naming conventions
2. **Readability**: Easier to read than ALLCAPS
3. **Convention**: Standard for markdown documentation
4. **URLs**: Better for URL generation (no mixed case issues)

### Why These Specific Categories?

1. **guides/**: Content users actively read to learn features
2. **technical/**: Implementation details and architecture  
3. **contributing/**: Process and guidelines for contributors
4. **api/**: Reference material (auto-generated)

This mirrors the natural progression: Learn (guides) → Understand (technical) → Contribute (contributing).

## File Count Summary

- **Root level**: 5 files (README, STRUCTURE, getting_started, quick_reference, index.rst)
- **guides/**: 2 files (monte_carlo, analytics)
- **technical/**: 3 files (design, analysis, summary)
- **contributing/**: 1 file (development_guide)
- **api/**: 1 file (index.rst)

**Total**: 12 main documentation files (well-organized!)

## Backward Compatibility

- ✅ Old built HTML docs still work (in `_build/`)
- ✅ Internal links all updated
- âš ï¸ External links need manual update (if any exist)
- âš ï¸ Git history preserved (files moved, not deleted)

## Next Steps

1. ✅ Structure reorganized
2. ✅ All links updated
3. ✅ Sphinx config updated
4. 🔄 Rebuild HTML docs: `cd docs && make html`
5. 🔄 Commit changes: `git add docs/ && git commit -m "docs: reorganize into cleaner structure"`

---

**Date**: 2025-11-20
**Changes by**: AI Assistant
**Approved by**: User
**Status**: ✅ Complete

